epoch,gaussian_test_rmse,product_test_rmse
1,1.2020105964803056,1.2033865579702745
2,1.208398610571294,1.2036114245768532
3,1.2066236875734109,1.2198076363860058
4,1.216687402750352,1.2068041327032535
